{
  "Author": "Redeven",
  "Name": "Auto Login",
  "InternalName": "AutoLogin",
  "AssemblyVersion": "1.0.0.1",
  "Description": "Automatically logs you into a specified character when the game first opens.",
  "ApplicableVersion": "any",
  "RepoUrl": "https://github.com/redeven/AutoLogin",
  "Tags": [
    "auto",
    "login"
  ],
  "DalamudApiLevel": 8,
  "LoadRequiredState": 0,
  "LoadSync": false,
  "LoadPriority": 1,
  "IconUrl": "https://raw.githubusercontent.com/Redeven/AutoLogin/main/Resources/logo.png",
  "Punchline": "Automatically logs you into a specified character when the game first opens.",
  "AcceptsFeedback": true
}